impl,threads,run,seconds
basic,1,1,2.016739e+00
basic,1,2,1.977016e+00
basic,1,3,1.976413e+00
basic,1,4,1.967451e+00
basic,1,5,1.982673e+00
basic,4,1,5.329571e-01
basic,4,2,5.324330e-01
basic,4,3,5.358620e-01
basic,4,4,5.327799e-01
basic,4,5,5.327828e-01
basic,8,1,4.576430e-01
basic,8,2,4.605381e-01
basic,8,3,4.582570e-01
basic,8,4,4.591992e-01
basic,8,5,4.569111e-01
basic,16,1,3.406029e-01
basic,16,2,3.415651e-01
basic,16,3,3.395240e-01
basic,16,4,3.388741e-01
basic,16,5,3.407381e-01
basic,32,1,3.395600e-01
basic,32,2,3.372970e-01
basic,32,3,3.371091e-01
basic,32,4,3.387821e-01
basic,32,5,3.380432e-01
red_default,1,1,2.399309e+00
red_default,1,2,2.391852e+00
red_default,1,3,2.450161e+00
red_default,1,4,2.456220e+00
red_default,1,5,2.402223e+00
red_default,4,1,1.049751e+00
red_default,4,2,1.066682e+00
red_default,4,3,1.062962e+00
red_default,4,4,1.053456e+00
red_default,4,5,1.058301e+00
red_default,8,1,5.632329e-01
red_default,8,2,5.714869e-01
red_default,8,3,5.805590e-01
red_default,8,4,5.693669e-01
red_default,8,5,5.622630e-01
red_default,16,1,3.909361e-01
red_default,16,2,3.886909e-01
red_default,16,3,3.890221e-01
red_default,16,4,3.933902e-01
red_default,16,5,3.853722e-01
red_default,32,1,3.411441e-01
red_default,32,2,3.608379e-01
red_default,32,3,3.608789e-01
red_default,32,4,3.526199e-01
red_default,32,5,3.537302e-01
red_forces_cyclic,1,1,2.488142e+00
red_forces_cyclic,1,2,2.489633e+00
red_forces_cyclic,1,3,2.528103e+00
red_forces_cyclic,1,4,2.507818e+00
red_forces_cyclic,1,5,2.503718e+00
red_forces_cyclic,4,1,6.551700e-01
red_forces_cyclic,4,2,6.519029e-01
red_forces_cyclic,4,3,6.517541e-01
red_forces_cyclic,4,4,6.533329e-01
red_forces_cyclic,4,5,6.555750e-01
red_forces_cyclic,8,1,4.599500e-01
red_forces_cyclic,8,2,4.556592e-01
red_forces_cyclic,8,3,4.607790e-01
red_forces_cyclic,8,4,4.570432e-01
red_forces_cyclic,8,5,4.509959e-01
red_forces_cyclic,16,1,3.255069e-01
red_forces_cyclic,16,2,3.259790e-01
red_forces_cyclic,16,3,3.532879e-01
red_forces_cyclic,16,4,3.655720e-01
red_forces_cyclic,16,5,3.266389e-01
red_forces_cyclic,32,1,3.324790e-01
red_forces_cyclic,32,2,3.343041e-01
red_forces_cyclic,32,3,3.470039e-01
red_forces_cyclic,32,4,3.530610e-01
red_forces_cyclic,32,5,3.370872e-01
red_all_cyclic,1,1,2.571749e+00
red_all_cyclic,1,2,2.566600e+00
red_all_cyclic,1,3,2.548668e+00
red_all_cyclic,1,4,2.533481e+00
red_all_cyclic,1,5,2.573662e+00
red_all_cyclic,4,1,6.678760e-01
red_all_cyclic,4,2,6.656590e-01
red_all_cyclic,4,3,6.615970e-01
red_all_cyclic,4,4,6.620831e-01
red_all_cyclic,4,5,6.607740e-01
red_all_cyclic,8,1,4.588411e-01
red_all_cyclic,8,2,4.666941e-01
red_all_cyclic,8,3,4.627349e-01
red_all_cyclic,8,4,4.644721e-01
red_all_cyclic,8,5,4.557400e-01
red_all_cyclic,16,1,3.551841e-01
red_all_cyclic,16,2,3.429480e-01
red_all_cyclic,16,3,3.433011e-01
red_all_cyclic,16,4,3.712790e-01
red_all_cyclic,16,5,3.645790e-01
red_all_cyclic,32,1,3.656991e-01
red_all_cyclic,32,2,3.447859e-01
red_all_cyclic,32,3,3.418589e-01
red_all_cyclic,32,4,3.554609e-01
red_all_cyclic,32,5,3.703949e-01
