impl,threads,runs,mean_s,std_s,speedup,efficiency
basic,1,5,1.9841,0.0191,1.000,1.000
basic,4,5,0.5334,0.0014,3.720,0.930
basic,8,5,0.4585,0.0014,4.327,0.541
basic,16,5,0.3403,0.0011,5.831,0.364
basic,32,5,0.3382,0.0010,5.867,0.183
red_default,1,5,2.4200,0.0307,1.000,1.000
red_default,4,5,1.0582,0.0069,2.287,0.572
red_default,8,5,0.5694,0.0074,4.250,0.531
red_default,16,5,0.3895,0.0030,6.213,0.388
red_default,32,5,0.3538,0.0081,6.839,0.214
red_forces_cyclic,1,5,2.5035,0.0162,1.000,1.000
red_forces_cyclic,4,5,0.6535,0.0018,3.831,0.958
red_forces_cyclic,8,5,0.4569,0.0039,5.479,0.685
red_forces_cyclic,16,5,0.3394,0.0188,7.376,0.461
red_forces_cyclic,32,5,0.3408,0.0089,7.346,0.230
red_all_cyclic,1,5,2.5588,0.0173,1.000,1.000
red_all_cyclic,4,5,0.6636,0.0030,3.856,0.964
red_all_cyclic,8,5,0.4617,0.0044,5.542,0.693
red_all_cyclic,16,5,0.3555,0.0126,7.199,0.450
red_all_cyclic,32,5,0.3556,0.0125,7.195,0.225
